{
  "train_loss": [
    1.515864328384593,
    1.3722150214992184,
    1.2852380230059517,
    1.2249112922908534,
    1.175856309583476,
    1.1637687993787293,
    1.1523266673562274,
    1.0973831019118505,
    1.098010478612566,
    1.0580456395369071,
    1.0266010260152296,
    1.0371237592670097,
    0.9903428566824607,
    1.0040978021863665,
    0.977368752438745,
    0.9384985497789082,
    0.9446384085134907,
    0.9260514490662918,
    0.9182828497853871,
    0.9152131745631072,
    0.9051896985640221,
    0.9053405936567129,
    0.8967077312517047,
    0.8974652394692441,
    0.8906639008571977,
    0.8912036473667785,
    0.8827147061424275,
    0.8725014678197963,
    0.8707684698270818,
    0.8607737394772068,
    0.8496057114221941,
    0.8520331674156358,
    0.8463258356738865,
    0.8425037469643537,
    0.8382401374706987,
    0.837320915510607,
    0.8370401055224093,
    0.8333845128513518,
    0.8298214204620515,
    0.8307360185484046,
    0.8253125508264831,
    0.8255267658965563,
    0.8244845406051113,
    0.8251303900776644,
    0.814729178859182,
    0.8149769704067309,
    0.8113155710583194,
    0.808555645253495,
    0.8082541585573108,
    0.8061330360134829
  ],
  "val_loss": [
    1.5122006503188945,
    1.3628873915526387,
    1.2942639088181613,
    1.2372732937777735,
    1.1873657051648654,
    1.185361759545884,
    1.1836444446132852,
    1.1313480409497516,
    1.1378394447203082,
    1.0949588628732698,
    1.069637783219156,
    1.0835904848917197,
    1.0485649089802878,
    1.0749075931801697,
    1.0439549535898538,
    1.0017809394368578,
    1.0060791518860217,
    0.9981350640091222,
    0.9929123416958353,
    0.9873234685034283,
    0.9857623505530363,
    0.9880735569315648,
    0.9783057755154974,
    0.9838722477545365,
    0.9784283556296399,
    0.9755282159698386,
    0.9749630019018893,
    0.9685209937031553,
    0.9711862666931708,
    0.9580286745350921,
    0.9482096800740835,
    0.9530755869124933,
    0.9499804638801974,
    0.9448609431610502,
    0.9453191123077821,
    0.9434111329490706,
    0.9453312570550121,
    0.9374151301884083,
    0.9368977696064138,
    0.9429325096718774,
    0.9365292842072269,
    0.9407670804093141,
    0.933658557791746,
    0.9386207931137266,
    0.928585359726952,
    0.9323564624620756,
    0.9264423809897921,
    0.9256958526669768,
    0.9266492167201905,
    0.9235366527494067
  ],
  "train_acc": [
    0.47973544973544974,
    0.5357142857142857,
    0.5640740740740741,
    0.5933333333333334,
    0.613915343915344,
    0.6143915343915344,
    0.6115873015873016,
    0.6407936507936508,
    0.626031746031746,
    0.6537566137566138,
    0.6662433862433862,
    0.6615343915343915,
    0.6769312169312169,
    0.6708994708994709,
    0.6838095238095238,
    0.7001058201058201,
    0.6957142857142857,
    0.7006878306878307,
    0.708941798941799,
    0.7080952380952381,
    0.7124867724867725,
    0.7104761904761905,
    0.7171428571428572,
    0.7132804232804233,
    0.7159788359788359,
    0.7115873015873015,
    0.7197354497354498,
    0.7282539682539683,
    0.7238624338624339,
    0.7281481481481481,
    0.736031746031746,
    0.7341798941798942,
    0.7331216931216932,
    0.7363492063492063,
    0.7397883597883598,
    0.7380952380952381,
    0.7381481481481481,
    0.7394708994708995,
    0.7411640211640211,
    0.7385185185185185,
    0.7423280423280423,
    0.7391534391534391,
    0.7396296296296296,
    0.7392592592592593,
    0.7482010582010582,
    0.7451322751322751,
    0.7463492063492063,
    0.747989417989418,
    0.7493121693121693,
    0.7494179894179894
  ],
  "val_acc": [
    0.4802469135802469,
    0.5370370370370371,
    0.5582716049382717,
    0.5846913580246914,
    0.6071604938271605,
    0.614567901234568,
    0.5950617283950618,
    0.6296296296296297,
    0.6069135802469136,
    0.6451851851851852,
    0.6503703703703704,
    0.6446913580246914,
    0.6567901234567901,
    0.6417283950617284,
    0.6570370370370371,
    0.6745679012345679,
    0.6701234567901234,
    0.6755555555555556,
    0.6755555555555556,
    0.6824691358024692,
    0.6807407407407408,
    0.677037037037037,
    0.6849382716049383,
    0.6728395061728395,
    0.6790123456790124,
    0.6745679012345679,
    0.6846913580246914,
    0.6864197530864198,
    0.6797530864197531,
    0.6891358024691357,
    0.694320987654321,
    0.688395061728395,
    0.6928395061728395,
    0.6930864197530864,
    0.6950617283950618,
    0.6896296296296296,
    0.6933333333333334,
    0.6945679012345679,
    0.6995061728395062,
    0.6977777777777778,
    0.694320987654321,
    0.6953086419753086,
    0.6967901234567901,
    0.6977777777777778,
    0.7014814814814815,
    0.6975308641975309,
    0.7032098765432099,
    0.6995061728395062,
    0.6977777777777778,
    0.7002469135802469
  ],
  "lr": [
    0.005,
    0.005,
    0.005,
    0.005,
    0.005,
    0.005,
    0.005,
    0.005,
    0.005,
    0.005,
    0.005,
    0.005,
    0.005,
    0.005,
    0.005,
    0.0025,
    0.0025,
    0.0025,
    0.0025,
    0.0025,
    0.0025,
    0.0025,
    0.0025,
    0.0025,
    0.0025,
    0.0025,
    0.0025,
    0.0025,
    0.0025,
    0.0025,
    0.00125,
    0.00125,
    0.00125,
    0.00125,
    0.00125,
    0.00125,
    0.00125,
    0.00125,
    0.00125,
    0.00125,
    0.00125,
    0.00125,
    0.00125,
    0.00125,
    0.00125,
    0.000625,
    0.000625,
    0.000625,
    0.000625,
    0.000625
  ],
  "best_val_acc": 0.7032098765432099,
  "best_epoch": 47,
  "config": {
    "hidden1_dim": 512,
    "hidden2_dim": 256,
    "activation": "relu",
    "lr": 0.005,
    "weight_decay": 0.0001,
    "batch_size": 128,
    "epochs": 50,
    "lr_step_size": 15,
    "lr_gamma": 0.5,
    "seed": 42,
    "augment": true
  }
}